odfw_raw,name,lat,lon,acres,amenities,species,has_camping,coord_note
ALDRICH PDS,Aldrich Ponds,44.41428,-119.44534,8,parking,rainbow,False,
ALTON BAKER CANAL,Alton Baker Canal,44.05661,-123.08177,,accessible,,False,
ANA RES,Ana Reservoir,42.99763,-120.74949,60,boat_ramp+dock+accessible,rainbow,False,
ANTELOPE FLAT RES,Antelope Flat Reservoir,44.04022,-120.3772,170,boat_ramp+camping,rainbow,True,
ANTHONY LK,Anthony Lake,44.95906,-118.22935,22,boat_ramp+camping+bank_access,rainbow+brook,True,
APPLEGATE RES,Applegate Reservoir,42.05084,-123.1256,988,camping,largemouth+smallmouth+crappie,True,
ARIZONA PD,Arizona Pond,42.60882,-124.39133,,camping+bank_access,rainbow,True,
BAKER PD,Baker Pond,45.3432,-121.32356,2,,rainbow+brown+bullhead,False,
BEN IRVING RES,Ben Irving Reservoir,43.05158,-123.59482,250,boat_ramp+restroom+no_motors,rainbow+brown+largemouth+crappie+bluegill+bullhead+perch,False,
BENSON LK,Benson Lake,45.57666,-122.12607,40,camping,rainbow+brown+largemouth+crappie+bullhead,True,
BETHANY PD,Bethany Pond,45.55675,-122.86787,10,accessible+restroom,rainbow+largemouth+crappie+bluegill+bullhead,False,
BIKINI PD,Bikini Pond,45.68336,-121.29017,4,accessible+restroom+camping+bank_access+parking,rainbow,True,
BOLAN LK,Bolan Lake,42.02298,-123.45892,13,boat_ramp,rainbow,False,
BRADLEY LK,Bradley Lake,43.06355,-124.42437,30,boat_ramp+bank_access,rainbow+largemouth,False,
BREITENBUSH R,Breitenbush River,44.78293,-121.98635,,accessible+restroom+camping,rainbow+brook,True,
BUCK LK,Buck Lake,44.06533,-124.0992,5,,rainbow,False,
BULL PRAIRIE RES,Bull Prairie Reservoir,44.97328,-119.66579,27,boat_ramp+camping+no_motors,rainbow+brook,True,
BUTTERFIELD LK,Butterfield Lake,43.51905,-124.2195,50,dock+camping,rainbow+largemouth+bluegill,True,
CAMPBELL LK,Campbell Lake,42.56365,-120.75446,21,boat_ramp+accessible+camping+no_motors,rainbow,True,
CANBY PD,Canby Pond,45.25279,-122.70465,1,restroom,rainbow+largemouth+crappie+bluegill,False,
CAPE MEARES LK,Cape Meares Lake,45.50421,-123.94848,65,,rainbow+brown+largemouth+bluegill+bullhead+steelhead,False,
CARTER LK,Carter Lake,43.85591,-124.14679,28,camping+bank_access,rainbow,True,
CHICKAHOMINY RES,Chickahominy Reservoir,43.54525,-119.61425,530,boat_ramp,rainbow,False,
CLEAR LK,Clear Lake,45.1784,-121.69703,,boat_ramp+camping,rainbow,True,
CLEAWOX LK,Cleawox Lake,43.93181,-124.11221,87,camping+bank_access,rainbow+largemouth+crappie+bluegill+bullhead+perch,True,
COFFENBURY LK,Coffenbury Lake,46.1782,-123.96563,50,boat_ramp+dock+camping+bank_access,rainbow+brown+largemouth+bullhead+perch+steelhead,True,
COMMONWEALTH LK,Commonwealth Lake,45.51122,-122.80925,,accessible+restroom,rainbow+crappie+bluegill,False,
COOPER CR RES,Cooper Creek Reservoir,43.37642,-123.27518,160,boat_ramp+restroom,rainbow+brown+largemouth+crappie+bluegill+bullhead+perch,False,
COTTAGE GROVE RES,Cottage Grove Reservoir,43.71557,-123.06142,1150,boat_ramp+dock+accessible+restroom+parking,rainbow+brown+largemouth+catfish+bullhead,False,
CULLABY LK,Cullaby Lake,46.08569,-123.90767,200,boat_ramp+dock+restroom,rainbow+brown+largemouth+crappie+bullhead+perch,False,
"CULTUS LK, B",Big Cultus Lake,43.82883,-121.83799,785,camping,rainbow+brook,True,
CUTSFORTH PD,Cutsforth Pond,45.19071,-119.32364,2,dock+accessible+restroom+camping,rainbow,True,
DEADHORSE LK,Deadhorse Lake,42.55689,-120.77702,31,accessible+camping+no_motors,rainbow,True,
DEVIL'S LK,Devil's Lake,44.97032,-124.00912,680,,rainbow,False,
DEVILS LK,Devils Lake,44.03462,-121.76475,23,camping,rainbow+brook,True,
DEXTER RES,Dexter Reservoir,43.91793,-122.81316,1025,,rainbow,False,
DORENA RES,Dorena Reservoir,43.7714,-122.93547,1840,camping,rainbow+brown+largemouth+crappie+catfish+bullhead,True,
DORMAN PD,Dorman Pond,45.61331,-123.24546,8,,rainbow,False,
DUNE LK,Dune Lake,44.06678,-124.10079,2,,rainbow,False,
EAST LK,East Lake,43.73147,-121.19616,1050,boat_ramp+camping,rainbow+brown+kokanee,True,
ECKMAN LK,Eckman Lake,44.41538,-124.03481,,restroom,rainbow+cutthroat+largemouth,False,
EE WILSON PD,EE Wilson Pond,44.70752,-123.20802,,accessible,rainbow,False,
EEL LK,Eel Lake,43.60409,-124.17735,355,boat_ramp+accessible+camping,rainbow+cutthroat+largemouth+smallmouth+perch,True,
ELBOW LK,Elbow Lake,43.78783,-124.15117,,boat_ramp+accessible+restroom+camping,rainbow+largemouth+perch,True,
ESTACADA LK,Estacada Lake,45.29753,-122.3492,150,boat_ramp+dock+accessible+restroom+camping,rainbow+steelhead,True,
FALL R,Fall River,43.63607,-121.54175,,,rainbow,False,
FARADAY LK,Faraday Lake,45.26622,-122.31331,25,accessible+bank_access,rainbow+steelhead,False,
FISH LK,Fish Lake,42.73869,-118.64539,20,camping+boat_ramp+accessible,rainbow+brook,True,
FLORAS LK,Floras Lake,42.90168,-124.50213,250,boat_ramp+camping+bank_access,rainbow+cutthroat+largemouth,True,
FOSTER RES,Foster Reservoir,44.4134,-122.6257,,boat_ramp+restroom+parking+dock+camping,rainbow+kokanee,True,
FOURMILE LK,Fourmile Lake,42.45462,-122.24753,740,boat_ramp+accessible+restroom+camping,rainbow+brook+kokanee,True,
"FREEWAY LK, EAST",Freeway Lake East,44.59193,-123.05928,,boat_ramp+restroom+bank_access,rainbow,False,
FROG LK,Frog Lake,45.21678,-121.69659,11,camping,rainbow,True,
GALESVILLE RES,Galesville Reservoir,42.84929,-123.15846,630,boat_ramp+camping,rainbow+brown+cutthroat+kokanee+largemouth+crappie+bluegill+bullhead,True,
GARRISON LK,Garrison Lake,42.75571,-124.5081,134,boat_ramp+bank_access,rainbow+cutthroat+largemouth,False,
GRANDE RONDE LK,Grande Ronde Lake,44.9771,-118.24199,10,boat_ramp+camping+no_motors,rainbow+brook,True,
HARRIET LK,Harriet Lake,45.07219,-121.95923,23,boat_ramp+camping,rainbow,True,
HAT ROCK PD,Hat Rock Pond,45.91521,-119.17248,6,camping,rainbow,True,
HEART LK,Heart Lake,42.25526,-120.83886,19,boat_ramp+restroom+camping+no_motors,rainbow+brown+kokanee+catfish+bullhead+brook,True,
HEBO LK,Hebo Lake,45.23132,-123.79716,,accessible+restroom+camping+bank_access+no_motors,rainbow,True,
HEMLOCK LK (HEMLOCK MEADOW RES),Hemlock Lake,43.1883,-122.69807,,boat_ramp+camping+no_motors,rainbow+kokanee,True,
HIGHWAY 203 PD,Highway 203 Pond,44.86084,-117.81352,10,,rainbow+bluegill,False,
HOLBROOK RES,Holbrook Reservoir,42.26557,-120.85319,40,boat_ramp+camping,rainbow+brook,True,
HONEYMOON PD,Honeymoon Pond,45.81199,-116.9432,,accessible,rainbow,False,
HOSMER LK,Hosmer Lake,43.96348,-121.78559,112,no_motors,rainbow+brook+cutthroat,False,
HOWARD PRAIRIE RES,Howard Prairie Reservoir,42.24013,-122.41051,1990,,rainbow,False,
HUDDLESTON PD (FMR HAMPTON PD),Huddleston Pond,45.07932,-123.47831,5,accessible+restroom+parking+no_motors,rainbow+bluegill,False,
HUNTER PD (STARKEY FOREST PDS),Hunter Pond,45.15097,-118.54442,,camping,rainbow,True,
HYATT RES,Hyatt Reservoir,42.17314,-122.46829,950,boat_ramp+camping,rainbow+brown+largemouth+crappie+bluegill+bullhead,True,
JUBILEE LK,Jubilee Lake,45.83086,-117.9654,97,boat_ramp+accessible+camping+bank_access+no_motors,rainbow,True,
JUNCTION CITY PD,Junction City Pond,44.18039,-123.20418,8,,rainbow,False,
KINNEY LK,Kinney Lake,45.31383,-117.10233,20,camping+parking,rainbow,True,
KRUMBO RES,Krumbo Reservoir,42.951,-118.80723,150,dock+accessible,rainbow,False,
LAKE IN THE WOODS,Lake in the Woods,43.21707,-122.72521,4,,rainbow,False,
LAKE MARIE,Lake Marie,43.66011,-124.19286,5,boat_ramp+camping,rainbow+largemouth+perch,True,
LAKE OF THE WOODS,Lake of the Woods,44.58829,-121.83852,,boat_ramp+dock+accessible+restroom+camping,rainbow+brook+brown+kokanee+largemouth+smallmouth+crappie+bullhead+perch,True,
LAURANCE LK,Laurance Lake,45.45999,-121.65738,104,boat_ramp+camping,rainbow+brown+cutthroat,True,
"LAVA LK, B",Big Lava Lake,43.91459,-121.76778,160,boat_ramp+camping,rainbow+brook,True,
LEABURG LK,Leaburg Lake,44.13947,-122.60931,55,,rainbow,False,
LEMOLO RES,Lemolo Reservoir,43.31437,-122.19346,415,boat_ramp+camping,rainbow+brown+kokanee,True,
LOFTON RES,Lofton Reservoir,42.26088,-120.81856,42,restroom+camping,rainbow+brown,True,
LOON LK,Loon Lake,43.59637,-123.84708,294,boat_ramp+camping,rainbow+brown+cutthroat+largemouth+crappie+bluegill+bullhead,True,
LOREN'S PD,Loren's Pond,45.43462,-123.73846,,boat_ramp,rainbow+steelhead,False,
LOST CREEK RES,Lost Creek Reservoir,42.68417,-122.61976,3500,boat_ramp+camping,rainbow+brown+cutthroat+largemouth+smallmouth+crappie+bluegill+bullhead,True,
LUGER PD,Luger Pond,45.77011,-117.95771,5,camping,rainbow,True,
LYTLE LK,Lake Lytle,45.62739,-123.9387,65,boat_ramp,rainbow+largemouth+perch+steelhead,False,
MAGONE LK,Magone Lake,44.54911,-118.91272,50,dock+accessible+restroom+camping,rainbow+brook,True,
MARR PD,Marr Pond,45.42046,-117.29287,2,bank_access,rainbow+steelhead,False,
MCGRAW PD,McGraw Pond,45.16662,-116.84074,,accessible+camping,rainbow,True,
MEDCO PD,Medco Pond,42.65599,-122.43812,25,,rainbow+largemouth+bluegill,False,
MERCER LK,Mercer Lake,44.04978,-124.05839,,accessible,rainbow+largemouth+bluegill+perch,False,
MILLER LK,Miller Lake,43.22706,-121.9665,600,restroom+camping,rainbow+brook+brown+kokanee,True,
MORGAN LK,Morgan Lake,45.30241,-118.13762,60,boat_ramp+accessible+no_motors,rainbow+crappie,False,
MT HOOD PD (MHCC CAMPUS),Mt. Hood Pond,45.51329,-122.39774,5,,rainbow,False,
MUNSEL LK,Munsel Lake,44.00627,-124.08807,104,,rainbow+cutthroat+largemouth+bluegill+perch,False,
MURRAY RES (FMR HARDY MURRAY RES),Murray Reservoir,44.35354,-118.10583,45,,rainbow,False,
NEDONNA PD,Nedonna Pond,45.64376,-123.93872,,,rainbow,False,
NORTH FORK RES,North Fork Reservoir,45.23794,-122.25856,350,dock+accessible+parking+boat_ramp+camping,rainbow+steelhead,True,
NORTH LK,North Lake,45.21521,-123.7203,,camping,rainbow,True,
OCHOCO RES,Ochoco Reservoir,43.84245,-120.57495,1100,boat_ramp+restroom+camping,rainbow+brown+smallmouth+crappie+bullhead,True,
OLALLA CR RES,Olalla Creek Reservoir,44.68129,-123.92825,120,,rainbow+cutthroat,False,
OLALLIE LK,Olallie Lake,44.85198,-121.745,,boat_ramp+camping,rainbow,True,
PAULINA LK,Paulina Lake,43.71278,-121.27331,1520,boat_ramp+camping,rainbow+brown+kokanee,True,
PENLAND LK,Penland Lake,45.12087,-119.31582,67,boat_ramp+camping+bank_access+no_motors,,True,
PERKINS LK,Perkins Lake,43.82635,-124.14934,5,,rainbow,False,
PILCHER CREEK RES,Pilcher Creek Reservoir,45.04067,-118.07799,140,boat_ramp+camping,crappie+catfish+bullhead,True,
PINE HOLLOW RES,Pine Hollow Reservoir,45.24235,-121.29219,240,boat_ramp+bank_access,rainbow+brown+largemouth+bluegill+bullhead,False,
PLAT I RES,Plat I Reservoir,43.39578,-123.25202,155,,rainbow+brown+largemouth+crappie+bullhead,False,
POISON CREEK RES.,Poison Creek Reservoir,44.01313,-118.91477,,,rainbow,False,
POWERS PD,Powers Pond,42.89236,-124.07744,23,,rainbow+brown+largemouth+crappie+bluegill+bullhead,False,
PRIDAY RES,Priday Reservoir,42.34047,-119.90242,210,,rainbow+brown+crappie+catfish+bullhead,False,
PROGRESS LK,Progress Lake,45.42897,-122.83179,10,,rainbow+brown+bullhead,False,
QUARTZVILLE CR,Quartzville Creek,44.57644,-122.3212,,camping,rainbow+brook,True,
ROARING RVR PARK PD,Roaring River Park Pond,44.62448,-122.71712,,,,False,
ROCK CREEK RES,Rock Creek Reservoir,45.22044,-121.39111,100,bank_access,rainbow+brown+largemouth+bluegill+bullhead,False,
ROGUE R above Lost Creek,Rogue River above Lost Creek,42.90539,-122.46104,,camping,rainbow+brook+brown+cutthroat,True,
ROULET PD,Roulet Pond,45.58822,-117.86147,,,rainbow,False,
"SALISH PD, W",Salish Pond West,45.52983,-122.44971,70,dock+accessible+restroom,rainbow+crappie+catfish,False,
SALMONBERRY LK,Salmonberry Lake,45.88768,-122.93555,,,rainbow,False,
SALT CR SUMMIT PD,Salt Creek Summit Pond,45.20946,-117.06371,,accessible,rainbow,False,
SAUNDERS LK,Saunders Lake,43.53408,-124.21962,55,boat_ramp+camping+bank_access,rainbow+largemouth+perch,True,
SELMAC LK,Lake Selmac,42.25863,-123.57811,160,boat_ramp+dock+restroom+camping,rainbow+brown+crappie+bluegill+bullhead,True,
SHERIDAN PD,Sheridan Pond,45.0876,-123.39152,2,restroom+parking,rainbow,False,
SHEVLIN PD,Shevlin Pond,44.67256,-121.30554,,dock+accessible+restroom+bank_access,rainbow,False,
SILTCOOS LK,Siltcoos Lake,43.87692,-124.09023,3164,,rainbow+cutthroat+largemouth+crappie+bluegill+bullhead+perch,False,
SILVER CR RES,Silver Creek Reservoir,44.98329,-122.74574,65,,rainbow+catfish,False,
SMALL FRY LK,Small Fry Lake,45.22195,-122.24288,,accessible+restroom,rainbow,False,
SMITH LK,Smith Lake,45.57845,-123.94949,35,dock+bank_access,rainbow+largemouth+bluegill+perch,False,
SOUTH LK,South Lake,45.2026,-123.7215,5,camping,rainbow,True,
SPALDING PD,Spalding Pond,42.3467,-123.704,3,accessible+restroom+camping,rainbow+brook,True,
SPRING LK,Spring Lake,45.59563,-123.94527,13,,rainbow+steelhead,False,
ST LOUIS PD,St. Louis Ponds,45.11316,-122.93195,240,accessible+restroom,rainbow+brown+largemouth+crappie+bluegill+catfish+bullhead+perch,False,
SUNSET LK (N COAST RANGE),Sunset Lake,46.10097,-123.92959,107,boat_ramp+dock+bank_access+parking,rainbow+largemouth+steelhead,False,
SUTTON LK,Sutton Lake,44.05882,-124.09234,107,boat_ramp+camping,rainbow+cutthroat+largemouth+perch,True,
TAHOE LK,Tahoe Lake,45.35006,-123.60095,,boat_ramp+accessible+restroom+bank_access,rainbow+steelhead,False,
TAYLOR LK,Taylor Lake,45.6412,-121.20692,35,bank_access,rainbow+largemouth+crappie,False,
THIEF VALLEY RES,Thief Valley Reservoir,45.02572,-117.78889,685,boat_ramp+camping+bank_access,rainbow+catfish+bullhead+perch,True,
THISSEL PD,Thissel Pond,44.39998,-123.74995,3,,rainbow,False,
THREE CREEKS LK,Three Creeks Lake,44.09609,-121.62468,28,camping,rainbow+brook,True,
TIMBER LINN LK,Timber Linn Lake,44.63832,-123.05611,11,,rainbow+brown+largemouth+crappie+bluegill+bullhead,False,
TIMOTHY LK,Timothy Lake,45.11363,-121.77358,,boat_ramp+camping,rainbow+brook+cutthroat+kokanee,True,
TOWN LK,Town Lake,45.22455,-123.95599,9,boat_ramp+dock+accessible,rainbow+largemouth+steelhead,False,
TRILLIUM LK,Trillium Lake,45.27084,-121.73684,60,boat_ramp+dock+accessible+camping,,True,
TROUT FARM PD,Trout Farm Pond,44.30538,-118.55265,,camping,rainbow+brook,True,
TWIN LK,Twin Lakes,43.22955,-122.58962,12,camping+boat_ramp,rainbow+brook,True,
"TWIN LK, N",Twin Lake North,43.73166,-121.76379,130,,rainbow,False,
"TWIN LK, S",Twin Lake South,43.71481,-121.77216,99,camping+bank_access+no_motors,rainbow,True,
TWIN PDS,Twin Ponds,45.07847,-118.89391,,,rainbow,False,
VICTOR PD,Victor Pond,45.59407,-117.55401,,,rainbow,False,
WALLOWA LK,Wallowa Lake,45.33454,-117.21828,,boat_ramp+camping,rainbow+kokanee,True,
WALLOWA WLDLIFE PD (WEAVRS PD),Wallowa Wildlife Pond,45.5956,-117.57595,,,rainbow+steelhead,False,
WALTER WIRTH LK,Walter Wirth Lake,44.91,-122.99,20,,rainbow+brown+largemouth+crappie+bluegill+catfish+bullhead,False,
WALTON LK,Walton Lake,44.43308,-120.33694,19,boat_ramp+restroom+camping+no_motors,rainbow,True,
WAVERLY LK,Waverly Lake,44.64038,-123.06966,,dock+restroom+bank_access,rainbow+brown+largemouth+crappie+catfish,False,
WILLOW CREEK RES,Willow Creek Reservoir,45.34299,-119.53998,125,boat_ramp+dock+accessible+restroom+parking,rainbow+brown+smallmouth+crappie+bullhead,False,
WILLOW LK (former Willow Cr Res),Willow Lake,42.46939,-122.45789,927,boat_ramp+restroom+camping,rainbow+brown+cutthroat+kokanee+largemouth+crappie+bullhead,True,
WOAHINK LK,Woahink Lake,43.91657,-124.10088,820,boat_ramp+camping,rainbow+cutthroat+largemouth+perch,True,
WOLF CREEK RES,Wolf Creek Reservoir,45.06394,-118.0335,230,boat_ramp+restroom,rainbow+crappie,False,
ANSON WRIGHT PD,Anson Wright Park Pond,45.10939,-119.62624,,restroom,,False,
BIG CREEK RES-1,Big Creek Reservoir 1,44.65815,-124.04049,20,,rainbow+brown+bullhead,False,
BIG CREEK RES-2,Big Creek Reservoir 2,44.65818,-124.02904,,,rainbow+brown+bullhead,False,
DETROIT RES,Detroit Lake,44.72823,-122.17617,,camping+boat_ramp+accessible+restroom+parking,rainbow,True,
EMIGRANT RES,Emigrant Lake,42.15961,-122.617,,boat_ramp+restroom+camping,rainbow+largemouth+smallmouth+crappie,True,
HENRY HAGG LK,Henry Hagg Lake,45.48433,-123.20987,1110,boat_ramp,rainbow+brown+cutthroat+largemouth+smallmouth+crappie+bluegill+bullhead+perch,False,
"KINGSLEY RES, UPR",Kingsley Reservoir,45.64114,-121.67391,60,camping,rainbow+steelhead,True,
RED TOP LK,Red Top Pond,43.08038,-122.95609,,camping,rainbow,True,
REINHART PARK PD,Reinhart Pond,42.42956,-123.34862,,,rainbow+largemouth+bluegill,False,
SUNNYSIDE PARK PD,Sunnyside Pond,44.4283,-122.60908,8,,rainbow+largemouth+crappie+bluegill,False,
THOMPSON (VALLEY) RES,Thompson Valley Reservoir,42.94361,-121.06625,2500,boat_ramp+camping,rainbow+largemouth,True,
TROJAN RECREATION LK,Trojan Pond,46.03652,-122.89071,15,,rainbow,False,
VERNONIA LK,Vernonia Pond,45.85711,-123.17322,,boat_ramp+dock+accessible+restroom+camping+bank_access,rainbow+brown+largemouth+crappie+bluegill+bullhead+steelhead,True,
YELLOW JACKET LK,Yellow Jacket Pond,45.22364,-118.88443,,,rainbow,False,
GREEN PETER RES,Green Peter Reservoir,44.48139,-122.51781,328,boat_ramp+restroom,rainbow+kokanee,False,
LONG CREEK PD,Long Creek Reservoir,44.35914,-118.15985,8,,rainbow+brook,False,
"EMPIRE LK, LWR",Empire Lakes,43.3967,-124.26296,120,boat_ramp+accessible,rainbow+bluegill+catfish+perch,False,shared point with sibling water
"EMPIRE LK, UPR",Empire Lakes,43.3967,-124.26296,120,boat_ramp+accessible,rainbow+bluegill+catfish+perch,False,shared point with sibling water
"TENMILE LK, N",Tenmile Lake,43.57193,-124.16688,2723,boat_ramp+camping,rainbow+brown+cutthroat+largemouth+crappie+bluegill+bullhead+perch,True,shared point with sibling water
"TENMILE LK, S",Tenmile Lake,43.57193,-124.16688,2723,boat_ramp+camping,rainbow+brown+cutthroat+largemouth+crappie+bluegill+bullhead+perch,True,shared point with sibling water
